PLAYER,MARKET,LINE,ODDS,IMPLIED_PROB,HOME_TEAM,AWAY_TEAM,GAME
James Harden,AST,8.5,-142,0.5867768595041323,Boston Celtics,Los Angeles Clippers,Los Angeles Clippers @ Boston Celtics
Payton Pritchard,AST,4.5,-153,0.6047430830039525,Boston Celtics,Los Angeles Clippers,Los Angeles Clippers @ Boston Celtics
Derrick White,AST,4.5,-142,0.5867768595041323,Boston Celtics,Los Angeles Clippers,Los Angeles Clippers @ Boston Celtics
Jaylen Brown,AST,4.5,-113,0.5305164319248826,Boston Celtics,Los Angeles Clippers,Los Angeles Clippers @ Boston Celtics
Anfernee Simons,AST,2.5,-153,0.6047430830039525,Boston Celtics,Los Angeles Clippers,Los Angeles Clippers @ Boston Celtics
Bogdan Bogdanovic,AST,2.5,-153,0.6047430830039525,Boston Celtics,Los Angeles Clippers,Los Angeles Clippers @ Boston Celtics
Kris Dunn,AST,2.5,106,0.4854368932038835,Boston Celtics,Los Angeles Clippers,Los Angeles Clippers @ Boston Celtics
Ivica Zubac,AST,2.5,118,0.45871559633027525,Boston Celtics,Los Angeles Clippers,Los Angeles Clippers @ Boston Celtics
Jaylen Brown,PTS,26.5,-107,0.5169082125603864,Boston Celtics,Los Angeles Clippers,Los Angeles Clippers @ Boston Celtics
James Harden,PTS,23.5,-107,0.5169082125603864,Boston Celtics,Los Angeles Clippers,Los Angeles Clippers @ Boston Celtics
Ivica Zubac,PTS,17.5,-129,0.5633187772925764,Boston Celtics,Los Angeles Clippers,Los Angeles Clippers @ Boston Celtics
Derrick White,PTS,17.5,-113,0.5305164319248826,Boston Celtics,Los Angeles Clippers,Los Angeles Clippers @ Boston Celtics
Payton Pritchard,PTS,16.5,-107,0.5169082125603864,Boston Celtics,Los Angeles Clippers,Los Angeles Clippers @ Boston Celtics
Anfernee Simons,PTS,14.5,-101,0.5024875621890548,Boston Celtics,Los Angeles Clippers,Los Angeles Clippers @ Boston Celtics
John Collins,PTS,13.5,-107,0.5169082125603864,Boston Celtics,Los Angeles Clippers,Los Angeles Clippers @ Boston Celtics
Derrick Jones,PTS,9.5,-123,0.5515695067264574,Boston Celtics,Los Angeles Clippers,Los Angeles Clippers @ Boston Celtics
Bogdan Bogdanovic,PTS,9.5,102,0.49504950495049505,Boston Celtics,Los Angeles Clippers,Los Angeles Clippers @ Boston Celtics
Neemias Queta,PTS,8.5,108,0.4807692307692308,Boston Celtics,Los Angeles Clippers,Los Angeles Clippers @ Boston Celtics
Kris Dunn,PTS,7.5,-107,0.5169082125603864,Boston Celtics,Los Angeles Clippers,Los Angeles Clippers @ Boston Celtics
Brook Lopez,PTS,7.5,-105,0.5121951219512195,Boston Celtics,Los Angeles Clippers,Los Angeles Clippers @ Boston Celtics
Sam Hauser,PTS,6.5,-108,0.5192307692307693,Boston Celtics,Los Angeles Clippers,Los Angeles Clippers @ Boston Celtics
Jordan Walsh,PTS,5.5,-109,0.5215311004784688,Boston Celtics,Los Angeles Clippers,Los Angeles Clippers @ Boston Celtics
Ivica Zubac,REB,11.5,-101,0.5024875621890548,Boston Celtics,Los Angeles Clippers,Los Angeles Clippers @ Boston Celtics
Neemias Queta,REB,7.5,-149,0.5983935742971888,Boston Celtics,Los Angeles Clippers,Los Angeles Clippers @ Boston Celtics
Jaylen Brown,REB,5.5,-129,0.5633187772925764,Boston Celtics,Los Angeles Clippers,Los Angeles Clippers @ Boston Celtics
James Harden,REB,5.5,-120,0.5454545454545454,Boston Celtics,Los Angeles Clippers,Los Angeles Clippers @ Boston Celtics
Jordan Walsh,REB,4.5,-142,0.5867768595041323,Boston Celtics,Los Angeles Clippers,Los Angeles Clippers @ Boston Celtics
Payton Pritchard,REB,3.5,-158,0.6124031007751938,Boston Celtics,Los Angeles Clippers,Los Angeles Clippers @ Boston Celtics
Derrick White,REB,3.5,-158,0.6124031007751938,Boston Celtics,Los Angeles Clippers,Los Angeles Clippers @ Boston Celtics
Sam Hauser,REB,3.5,127,0.44052863436123346,Boston Celtics,Los Angeles Clippers,Los Angeles Clippers @ Boston Celtics
Derrick Jones,REB,2.5,-169,0.6282527881040892,Boston Celtics,Los Angeles Clippers,Los Angeles Clippers @ Boston Celtics
Bogdan Bogdanovic,REB,2.5,-161,0.6168582375478927,Boston Celtics,Los Angeles Clippers,Los Angeles Clippers @ Boston Celtics
Kris Dunn,REB,2.5,-109,0.5215311004784688,Boston Celtics,Los Angeles Clippers,Los Angeles Clippers @ Boston Celtics
Brook Lopez,REB,2.5,-101,0.5024875621890548,Boston Celtics,Los Angeles Clippers,Los Angeles Clippers @ Boston Celtics
Anfernee Simons,REB,2.5,120,0.45454545454545453,Boston Celtics,Los Angeles Clippers,Los Angeles Clippers @ Boston Celtics
Derrick White,STL,1.5,125,0.4444444444444444,Boston Celtics,Los Angeles Clippers,Los Angeles Clippers @ Boston Celtics
Jaylen Brown,STL,0.5,-232,0.6987951807228916,Boston Celtics,Los Angeles Clippers,Los Angeles Clippers @ Boston Celtics
James Harden,STL,0.5,-222,0.6894409937888198,Boston Celtics,Los Angeles Clippers,Los Angeles Clippers @ Boston Celtics
Ivica Zubac,STL,0.5,118,0.45871559633027525,Boston Celtics,Los Angeles Clippers,Los Angeles Clippers @ Boston Celtics
James Harden,3PM,3.5,112,0.4716981132075472,Boston Celtics,Los Angeles Clippers,Los Angeles Clippers @ Boston Celtics
Derrick White,3PM,3.5,120,0.45454545454545453,Boston Celtics,Los Angeles Clippers,Los Angeles Clippers @ Boston Celtics
Payton Pritchard,3PM,2.5,-136,0.576271186440678,Boston Celtics,Los Angeles Clippers,Los Angeles Clippers @ Boston Celtics
Anfernee Simons,3PM,2.5,-117,0.5391705069124424,Boston Celtics,Los Angeles Clippers,Los Angeles Clippers @ Boston Celtics
Jaylen Brown,3PM,1.5,-188,0.6527777777777778,Boston Celtics,Los Angeles Clippers,Los Angeles Clippers @ Boston Celtics
Bogdan Bogdanovic,3PM,1.5,-112,0.5283018867924528,Boston Celtics,Los Angeles Clippers,Los Angeles Clippers @ Boston Celtics
Derrick Jones,3PM,1.5,131,0.4329004329004329,Boston Celtics,Los Angeles Clippers,Los Angeles Clippers @ Boston Celtics
Brook Lopez,3PM,1.5,142,0.4132231404958678,Boston Celtics,Los Angeles Clippers,Los Angeles Clippers @ Boston Celtics
John Collins,3PM,1.5,177,0.36101083032490977,Boston Celtics,Los Angeles Clippers,Los Angeles Clippers @ Boston Celtics
Russell Westbrook,AST,7.5,108,0.4807692307692308,San Antonio Spurs,Sacramento Kings,Sacramento Kings @ San Antonio Spurs
Stephon Castle,AST,7.5,108,0.4807692307692308,San Antonio Spurs,Sacramento Kings,Sacramento Kings @ San Antonio Spurs
De'Aaron Fox,AST,6.5,102,0.49504950495049505,San Antonio Spurs,Sacramento Kings,Sacramento Kings @ San Antonio Spurs
Victor Wembanyama,AST,3.5,-163,0.6197718631178707,San Antonio Spurs,Sacramento Kings,Sacramento Kings @ San Antonio Spurs
Dennis Schroder,AST,3.5,-151,0.601593625498008,San Antonio Spurs,Sacramento Kings,Sacramento Kings @ San Antonio Spurs
Domantas Sabonis,AST,3.5,-151,0.601593625498008,San Antonio Spurs,Sacramento Kings,Sacramento Kings @ San Antonio Spurs
DeMar DeRozan,AST,2.5,-169,0.6282527881040892,San Antonio Spurs,Sacramento Kings,Sacramento Kings @ San Antonio Spurs
Malik Monk,AST,2.5,100,0.5,San Antonio Spurs,Sacramento Kings,Sacramento Kings @ San Antonio Spurs
Victor Wembanyama,PTS,26.5,-107,0.5169082125603864,San Antonio Spurs,Sacramento Kings,Sacramento Kings @ San Antonio Spurs
De'Aaron Fox,PTS,22.5,-123,0.5515695067264574,San Antonio Spurs,Sacramento Kings,Sacramento Kings @ San Antonio Spurs
Zach LaVine,PTS,21.5,-105,0.5121951219512195,San Antonio Spurs,Sacramento Kings,Sacramento Kings @ San Antonio Spurs
Stephon Castle,PTS,19.5,-123,0.5515695067264574,San Antonio Spurs,Sacramento Kings,Sacramento Kings @ San Antonio Spurs
DeMar DeRozan,PTS,18.5,-107,0.5169082125603864,San Antonio Spurs,Sacramento Kings,Sacramento Kings @ San Antonio Spurs
Domantas Sabonis,PTS,16.5,-123,0.5515695067264574,San Antonio Spurs,Sacramento Kings,Sacramento Kings @ San Antonio Spurs
Russell Westbrook,PTS,16.5,-102,0.504950495049505,San Antonio Spurs,Sacramento Kings,Sacramento Kings @ San Antonio Spurs
Devin Vassell,PTS,14.5,-104,0.5098039215686274,San Antonio Spurs,Sacramento Kings,Sacramento Kings @ San Antonio Spurs
Malik Monk,PTS,11.5,-104,0.5098039215686274,San Antonio Spurs,Sacramento Kings,Sacramento Kings @ San Antonio Spurs
Dennis Schroder,PTS,9.5,-120,0.5454545454545454,San Antonio Spurs,Sacramento Kings,Sacramento Kings @ San Antonio Spurs
Harrison Barnes,PTS,9.5,-120,0.5454545454545454,San Antonio Spurs,Sacramento Kings,Sacramento Kings @ San Antonio Spurs
Keldon Johnson,PTS,9.5,-120,0.5454545454545454,San Antonio Spurs,Sacramento Kings,Sacramento Kings @ San Antonio Spurs
Julian Champagnie,PTS,7.5,-126,0.5575221238938053,San Antonio Spurs,Sacramento Kings,Sacramento Kings @ San Antonio Spurs
Precious Achiuwa,PTS,5.5,-112,0.5283018867924528,San Antonio Spurs,Sacramento Kings,Sacramento Kings @ San Antonio Spurs
Victor Wembanyama,REB,12.5,-111,0.5260663507109005,San Antonio Spurs,Sacramento Kings,Sacramento Kings @ San Antonio Spurs
Domantas Sabonis,REB,11.5,-140,0.5833333333333334,San Antonio Spurs,Sacramento Kings,Sacramento Kings @ San Antonio Spurs
Russell Westbrook,REB,7.5,-102,0.504950495049505,San Antonio Spurs,Sacramento Kings,Sacramento Kings @ San Antonio Spurs
Stephon Castle,REB,5.5,-123,0.5515695067264574,San Antonio Spurs,Sacramento Kings,Sacramento Kings @ San Antonio Spurs
Keldon Johnson,REB,4.5,-135,0.574468085106383,San Antonio Spurs,Sacramento Kings,Sacramento Kings @ San Antonio Spurs
De'Aaron Fox,REB,4.5,112,0.4716981132075472,San Antonio Spurs,Sacramento Kings,Sacramento Kings @ San Antonio Spurs
Precious Achiuwa,REB,4.5,118,0.45871559633027525,San Antonio Spurs,Sacramento Kings,Sacramento Kings @ San Antonio Spurs
Devin Vassell,REB,3.5,-151,0.601593625498008,San Antonio Spurs,Sacramento Kings,Sacramento Kings @ San Antonio Spurs
Zach LaVine,REB,3.5,-128,0.5614035087719298,San Antonio Spurs,Sacramento Kings,Sacramento Kings @ San Antonio Spurs
Julian Champagnie,REB,3.5,-121,0.5475113122171946,San Antonio Spurs,Sacramento Kings,Sacramento Kings @ San Antonio Spurs
Harrison Barnes,REB,3.5,116,0.46296296296296297,San Antonio Spurs,Sacramento Kings,Sacramento Kings @ San Antonio Spurs
DeMar DeRozan,REB,2.5,-172,0.6323529411764706,San Antonio Spurs,Sacramento Kings,Sacramento Kings @ San Antonio Spurs
Dennis Schroder,REB,2.5,-133,0.5708154506437768,San Antonio Spurs,Sacramento Kings,Sacramento Kings @ San Antonio Spurs
Stephon Castle,STL,1.5,110,0.47619047619047616,San Antonio Spurs,Sacramento Kings,Sacramento Kings @ San Antonio Spurs
Devin Vassell,STL,1.5,125,0.4444444444444444,San Antonio Spurs,Sacramento Kings,Sacramento Kings @ San Antonio Spurs
De'Aaron Fox,STL,1.5,137,0.4219409282700422,San Antonio Spurs,Sacramento Kings,Sacramento Kings @ San Antonio Spurs
Victor Wembanyama,STL,1.5,179,0.35842293906810035,San Antonio Spurs,Sacramento Kings,Sacramento Kings @ San Antonio Spurs
DeMar DeRozan,STL,0.5,-181,0.6441281138790036,San Antonio Spurs,Sacramento Kings,Sacramento Kings @ San Antonio Spurs
Domantas Sabonis,STL,0.5,-181,0.6441281138790036,San Antonio Spurs,Sacramento Kings,Sacramento Kings @ San Antonio Spurs
Zach LaVine,3PM,3.5,131,0.4329004329004329,San Antonio Spurs,Sacramento Kings,Sacramento Kings @ San Antonio Spurs
Devin Vassell,3PM,2.5,106,0.4854368932038835,San Antonio Spurs,Sacramento Kings,Sacramento Kings @ San Antonio Spurs
De'Aaron Fox,3PM,2.5,122,0.45045045045045046,San Antonio Spurs,Sacramento Kings,Sacramento Kings @ San Antonio Spurs
Victor Wembanyama,3PM,2.5,129,0.4366812227074236,San Antonio Spurs,Sacramento Kings,Sacramento Kings @ San Antonio Spurs
Russell Westbrook,3PM,1.5,-175,0.6363636363636364,San Antonio Spurs,Sacramento Kings,Sacramento Kings @ San Antonio Spurs
Harrison Barnes,3PM,1.5,-149,0.5983935742971888,San Antonio Spurs,Sacramento Kings,Sacramento Kings @ San Antonio Spurs
Malik Monk,3PM,1.5,-128,0.5614035087719298,San Antonio Spurs,Sacramento Kings,Sacramento Kings @ San Antonio Spurs
Julian Champagnie,3PM,1.5,-120,0.5454545454545454,San Antonio Spurs,Sacramento Kings,Sacramento Kings @ San Antonio Spurs
Stephon Castle,3PM,1.5,120,0.45454545454545453,San Antonio Spurs,Sacramento Kings,Sacramento Kings @ San Antonio Spurs
DeMar DeRozan,3PM,0.5,-172,0.6323529411764706,San Antonio Spurs,Sacramento Kings,Sacramento Kings @ San Antonio Spurs
Domantas Sabonis,3PM,0.5,-111,0.5260663507109005,San Antonio Spurs,Sacramento Kings,Sacramento Kings @ San Antonio Spurs
Carlton Carrington,AST,4.5,-144,0.5901639344262295,Washington Wizards,Brooklyn Nets,Brooklyn Nets @ Washington Wizards
Egor Demin,AST,4.5,-113,0.5305164319248826,Washington Wizards,Brooklyn Nets,Brooklyn Nets @ Washington Wizards
Kyshawn George,AST,3.5,-166,0.6240601503759399,Washington Wizards,Brooklyn Nets,Brooklyn Nets @ Washington Wizards
Alex Sarr,AST,3.5,-135,0.574468085106383,Washington Wizards,Brooklyn Nets,Brooklyn Nets @ Washington Wizards
Nicolas Claxton,AST,3.5,-119,0.54337899543379,Washington Wizards,Brooklyn Nets,Brooklyn Nets @ Washington Wizards
Terance Mann,AST,3.5,-107,0.5169082125603864,Washington Wizards,Brooklyn Nets,Brooklyn Nets @ Washington Wizards
C.J. McCollum,AST,3.5,102,0.49504950495049505,Washington Wizards,Brooklyn Nets,Brooklyn Nets @ Washington Wizards
Bilal Coulibaly,AST,2.5,-178,0.6402877697841727,Washington Wizards,Brooklyn Nets,Brooklyn Nets @ Washington Wizards
Tyrese Martin,AST,2.5,-161,0.6168582375478927,Washington Wizards,Brooklyn Nets,Brooklyn Nets @ Washington Wizards
Khris Middleton,AST,2.5,-144,0.5901639344262295,Washington Wizards,Brooklyn Nets,Brooklyn Nets @ Washington Wizards
Michael Porter Jr,AST,2.5,-140,0.5833333333333334,Washington Wizards,Brooklyn Nets,Brooklyn Nets @ Washington Wizards
Drake Powell,AST,2.5,-113,0.5305164319248826,Washington Wizards,Brooklyn Nets,Brooklyn Nets @ Washington Wizards
Day'Ron Sharpe,AST,2.5,143,0.411522633744856,Washington Wizards,Brooklyn Nets,Brooklyn Nets @ Washington Wizards
Michael Porter Jr,PTS,23.5,-131,0.5670995670995671,Washington Wizards,Brooklyn Nets,Brooklyn Nets @ Washington Wizards
Alex Sarr,PTS,19.5,-104,0.5098039215686274,Washington Wizards,Brooklyn Nets,Brooklyn Nets @ Washington Wizards
C.J. McCollum,PTS,17.5,-111,0.5260663507109005,Washington Wizards,Brooklyn Nets,Brooklyn Nets @ Washington Wizards
Nicolas Claxton,PTS,15.5,-119,0.54337899543379,Washington Wizards,Brooklyn Nets,Brooklyn Nets @ Washington Wizards
Kyshawn George,PTS,13.5,-120,0.5454545454545454,Washington Wizards,Brooklyn Nets,Brooklyn Nets @ Washington Wizards
Noah Clowney,PTS,12.5,-123,0.5515695067264574,Washington Wizards,Brooklyn Nets,Brooklyn Nets @ Washington Wizards
Tre Johnson,PTS,11.5,-125,0.5555555555555556,Washington Wizards,Brooklyn Nets,Brooklyn Nets @ Washington Wizards
Bilal Coulibaly,PTS,11.5,100,0.5,Washington Wizards,Brooklyn Nets,Brooklyn Nets @ Washington Wizards
Terance Mann,PTS,10.5,-113,0.5305164319248826,Washington Wizards,Brooklyn Nets,Brooklyn Nets @ Washington Wizards
Khris Middleton,PTS,9.5,-104,0.5098039215686274,Washington Wizards,Brooklyn Nets,Brooklyn Nets @ Washington Wizards
Egor Demin,PTS,8.5,-120,0.5454545454545454,Washington Wizards,Brooklyn Nets,Brooklyn Nets @ Washington Wizards
Tyrese Martin,PTS,8.5,100,0.5,Washington Wizards,Brooklyn Nets,Brooklyn Nets @ Washington Wizards
Corey Kispert,PTS,7.5,-126,0.5575221238938053,Washington Wizards,Brooklyn Nets,Brooklyn Nets @ Washington Wizards
Drake Powell,PTS,7.5,-123,0.5515695067264574,Washington Wizards,Brooklyn Nets,Brooklyn Nets @ Washington Wizards
Carlton Carrington,PTS,7.5,-111,0.5260663507109005,Washington Wizards,Brooklyn Nets,Brooklyn Nets @ Washington Wizards
Day'Ron Sharpe,PTS,6.5,106,0.4854368932038835,Washington Wizards,Brooklyn Nets,Brooklyn Nets @ Washington Wizards
Alex Sarr,REB,9.5,108,0.4807692307692308,Washington Wizards,Brooklyn Nets,Brooklyn Nets @ Washington Wizards
Nicolas Claxton,REB,8.5,-105,0.5121951219512195,Washington Wizards,Brooklyn Nets,Brooklyn Nets @ Washington Wizards
Michael Porter Jr,REB,7.5,-119,0.54337899543379,Washington Wizards,Brooklyn Nets,Brooklyn Nets @ Washington Wizards
Kyshawn George,REB,5.5,-138,0.5798319327731093,Washington Wizards,Brooklyn Nets,Brooklyn Nets @ Washington Wizards
Day'Ron Sharpe,REB,5.5,-123,0.5515695067264574,Washington Wizards,Brooklyn Nets,Brooklyn Nets @ Washington Wizards
Noah Clowney,REB,4.5,-135,0.574468085106383,Washington Wizards,Brooklyn Nets,Brooklyn Nets @ Washington Wizards
Bilal Coulibaly,REB,4.5,-120,0.5454545454545454,Washington Wizards,Brooklyn Nets,Brooklyn Nets @ Washington Wizards
Carlton Carrington,REB,4.5,100,0.5,Washington Wizards,Brooklyn Nets,Brooklyn Nets @ Washington Wizards
Khris Middleton,REB,3.5,-147,0.5951417004048583,Washington Wizards,Brooklyn Nets,Brooklyn Nets @ Washington Wizards
Egor Demin,REB,3.5,-144,0.5901639344262295,Washington Wizards,Brooklyn Nets,Brooklyn Nets @ Washington Wizards
C.J. McCollum,REB,3.5,-126,0.5575221238938053,Washington Wizards,Brooklyn Nets,Brooklyn Nets @ Washington Wizards
Tre Johnson,REB,3.5,-119,0.54337899543379,Washington Wizards,Brooklyn Nets,Brooklyn Nets @ Washington Wizards
Terance Mann,REB,3.5,-101,0.5024875621890548,Washington Wizards,Brooklyn Nets,Brooklyn Nets @ Washington Wizards
Tyrese Martin,REB,3.5,-101,0.5024875621890548,Washington Wizards,Brooklyn Nets,Brooklyn Nets @ Washington Wizards
Ziaire Williams,REB,2.5,-161,0.6168582375478927,Washington Wizards,Brooklyn Nets,Brooklyn Nets @ Washington Wizards
Drake Powell,REB,2.5,-156,0.609375,Washington Wizards,Brooklyn Nets,Brooklyn Nets @ Washington Wizards
Corey Kispert,REB,2.5,-140,0.5833333333333334,Washington Wizards,Brooklyn Nets,Brooklyn Nets @ Washington Wizards
Kyshawn George,STL,1.5,179,0.35842293906810035,Washington Wizards,Brooklyn Nets,Brooklyn Nets @ Washington Wizards
Michael Porter Jr,STL,0.5,-222,0.6894409937888198,Washington Wizards,Brooklyn Nets,Brooklyn Nets @ Washington Wizards
Nicolas Claxton,STL,0.5,-222,0.6894409937888198,Washington Wizards,Brooklyn Nets,Brooklyn Nets @ Washington Wizards
Alex Sarr,STL,0.5,-181,0.6441281138790036,Washington Wizards,Brooklyn Nets,Brooklyn Nets @ Washington Wizards
C.J. McCollum,STL,0.5,-156,0.609375,Washington Wizards,Brooklyn Nets,Brooklyn Nets @ Washington Wizards
Bilal Coulibaly,STL,0.5,-151,0.601593625498008,Washington Wizards,Brooklyn Nets,Brooklyn Nets @ Washington Wizards
Michael Porter Jr,3PM,3.5,102,0.49504950495049505,Washington Wizards,Brooklyn Nets,Brooklyn Nets @ Washington Wizards
C.J. McCollum,3PM,2.5,-113,0.5305164319248826,Washington Wizards,Brooklyn Nets,Brooklyn Nets @ Washington Wizards
Noah Clowney,3PM,2.5,119,0.45662100456621,Washington Wizards,Brooklyn Nets,Brooklyn Nets @ Washington Wizards
Tre Johnson,3PM,1.5,-147,0.5951417004048583,Washington Wizards,Brooklyn Nets,Brooklyn Nets @ Washington Wizards
Ziaire Williams,3PM,1.5,-144,0.5901639344262295,Washington Wizards,Brooklyn Nets,Brooklyn Nets @ Washington Wizards
Kyshawn George,3PM,1.5,-140,0.5833333333333334,Washington Wizards,Brooklyn Nets,Brooklyn Nets @ Washington Wizards
Egor Demin,3PM,1.5,-140,0.5833333333333334,Washington Wizards,Brooklyn Nets,Brooklyn Nets @ Washington Wizards
Corey Kispert,3PM,1.5,-103,0.5073891625615764,Washington Wizards,Brooklyn Nets,Brooklyn Nets @ Washington Wizards
Tyrese Martin,3PM,1.5,119,0.45662100456621,Washington Wizards,Brooklyn Nets,Brooklyn Nets @ Washington Wizards
Terance Mann,3PM,1.5,144,0.4098360655737705,Washington Wizards,Brooklyn Nets,Brooklyn Nets @ Washington Wizards
Alex Sarr,3PM,1.5,146,0.4065040650406504,Washington Wizards,Brooklyn Nets,Brooklyn Nets @ Washington Wizards
Bilal Coulibaly,3PM,1.5,152,0.3968253968253968,Washington Wizards,Brooklyn Nets,Brooklyn Nets @ Washington Wizards
Carlton Carrington,3PM,1.5,162,0.3816793893129771,Washington Wizards,Brooklyn Nets,Brooklyn Nets @ Washington Wizards
Khris Middleton,3PM,0.5,-196,0.6621621621621622,Washington Wizards,Brooklyn Nets,Brooklyn Nets @ Washington Wizards
Drake Powell,3PM,0.5,-188,0.6527777777777778,Washington Wizards,Brooklyn Nets,Brooklyn Nets @ Washington Wizards
Draymond Green,AST,5.5,108,0.4807692307692308,New Orleans Pelicans,Golden State Warriors,Golden State Warriors @ New Orleans Pelicans
Jimmy Butler,AST,4.5,-149,0.5983935742971888,New Orleans Pelicans,Golden State Warriors,Golden State Warriors @ New Orleans Pelicans
Stephen Curry,AST,4.5,-109,0.5215311004784688,New Orleans Pelicans,Golden State Warriors,Golden State Warriors @ New Orleans Pelicans
Zion Williamson,AST,3.5,-151,0.601593625498008,New Orleans Pelicans,Golden State Warriors,Golden State Warriors @ New Orleans Pelicans
Trey Murphy III,AST,3.5,-109,0.5215311004784688,New Orleans Pelicans,Golden State Warriors,Golden State Warriors @ New Orleans Pelicans
Jeremiah Fears,AST,3.5,123,0.4484304932735426,New Orleans Pelicans,Golden State Warriors,Golden State Warriors @ New Orleans Pelicans
Brandin Podziemski,AST,3.5,125,0.4444444444444444,New Orleans Pelicans,Golden State Warriors,Golden State Warriors @ New Orleans Pelicans
Herb Jones,AST,2.5,-147,0.5951417004048583,New Orleans Pelicans,Golden State Warriors,Golden State Warriors @ New Orleans Pelicans
Stephen Curry,PTS,27.5,-117,0.5391705069124424,New Orleans Pelicans,Golden State Warriors,Golden State Warriors @ New Orleans Pelicans
Jimmy Butler,PTS,20.5,-105,0.5121951219512195,New Orleans Pelicans,Golden State Warriors,Golden State Warriors @ New Orleans Pelicans
Trey Murphy III,PTS,19.5,-125,0.5555555555555556,New Orleans Pelicans,Golden State Warriors,Golden State Warriors @ New Orleans Pelicans
Zion Williamson,PTS,18.5,-113,0.5305164319248826,New Orleans Pelicans,Golden State Warriors,Golden State Warriors @ New Orleans Pelicans
Jeremiah Fears,PTS,14.5,-119,0.54337899543379,New Orleans Pelicans,Golden State Warriors,Golden State Warriors @ New Orleans Pelicans
Moses Moody,PTS,12.5,-103,0.5073891625615764,New Orleans Pelicans,Golden State Warriors,Golden State Warriors @ New Orleans Pelicans
Herb Jones,PTS,10.5,-126,0.5575221238938053,New Orleans Pelicans,Golden State Warriors,Golden State Warriors @ New Orleans Pelicans
Brandin Podziemski,PTS,10.5,-123,0.5515695067264574,New Orleans Pelicans,Golden State Warriors,Golden State Warriors @ New Orleans Pelicans
Will Richard,PTS,8.5,-128,0.5614035087719298,New Orleans Pelicans,Golden State Warriors,Golden State Warriors @ New Orleans Pelicans
Draymond Green,PTS,8.5,-106,0.5145631067961165,New Orleans Pelicans,Golden State Warriors,Golden State Warriors @ New Orleans Pelicans
Draymond Green,REB,5.5,-140,0.5833333333333334,New Orleans Pelicans,Golden State Warriors,Golden State Warriors @ New Orleans Pelicans
Jimmy Butler,REB,5.5,-140,0.5833333333333334,New Orleans Pelicans,Golden State Warriors,Golden State Warriors @ New Orleans Pelicans
Zion Williamson,REB,5.5,-113,0.5305164319248826,New Orleans Pelicans,Golden State Warriors,Golden State Warriors @ New Orleans Pelicans
Trey Murphy III,REB,5.5,108,0.4807692307692308,New Orleans Pelicans,Golden State Warriors,Golden State Warriors @ New Orleans Pelicans
Brandin Podziemski,REB,4.5,-116,0.5370370370370371,New Orleans Pelicans,Golden State Warriors,Golden State Warriors @ New Orleans Pelicans
Al Horford,REB,4.5,-102,0.504950495049505,New Orleans Pelicans,Golden State Warriors,Golden State Warriors @ New Orleans Pelicans
Stephen Curry,REB,4.5,120,0.45454545454545453,New Orleans Pelicans,Golden State Warriors,Golden State Warriors @ New Orleans Pelicans
Kevon Looney,REB,3.5,-142,0.5867768595041323,New Orleans Pelicans,Golden State Warriors,Golden State Warriors @ New Orleans Pelicans
Herb Jones,REB,3.5,121,0.45248868778280543,New Orleans Pelicans,Golden State Warriors,Golden State Warriors @ New Orleans Pelicans
Jeremiah Fears,REB,3.5,127,0.44052863436123346,New Orleans Pelicans,Golden State Warriors,Golden State Warriors @ New Orleans Pelicans
Moses Moody,REB,3.5,127,0.44052863436123346,New Orleans Pelicans,Golden State Warriors,Golden State Warriors @ New Orleans Pelicans
Jimmy Butler,STL,1.5,-114,0.5327102803738317,New Orleans Pelicans,Golden State Warriors,Golden State Warriors @ New Orleans Pelicans
Stephen Curry,STL,1.5,129,0.4366812227074236,New Orleans Pelicans,Golden State Warriors,Golden State Warriors @ New Orleans Pelicans
Herb Jones,STL,1.5,136,0.423728813559322,New Orleans Pelicans,Golden State Warriors,Golden State Warriors @ New Orleans Pelicans
Draymond Green,STL,1.5,179,0.35842293906810035,New Orleans Pelicans,Golden State Warriors,Golden State Warriors @ New Orleans Pelicans
Zion Williamson,STL,0.5,-243,0.7084548104956269,New Orleans Pelicans,Golden State Warriors,Golden State Warriors @ New Orleans Pelicans
Trey Murphy III,STL,0.5,-238,0.7041420118343196,New Orleans Pelicans,Golden State Warriors,Golden State Warriors @ New Orleans Pelicans
Stephen Curry,3PM,4.5,-129,0.5633187772925764,New Orleans Pelicans,Golden State Warriors,Golden State Warriors @ New Orleans Pelicans
Trey Murphy III,3PM,2.5,-125,0.5555555555555556,New Orleans Pelicans,Golden State Warriors,Golden State Warriors @ New Orleans Pelicans
Moses Moody,3PM,2.5,114,0.4672897196261682,New Orleans Pelicans,Golden State Warriors,Golden State Warriors @ New Orleans Pelicans
Brandin Podziemski,3PM,1.5,-117,0.5391705069124424,New Orleans Pelicans,Golden State Warriors,Golden State Warriors @ New Orleans Pelicans
Will Richard,3PM,1.5,112,0.4716981132075472,New Orleans Pelicans,Golden State Warriors,Golden State Warriors @ New Orleans Pelicans
Draymond Green,3PM,1.5,114,0.4672897196261682,New Orleans Pelicans,Golden State Warriors,Golden State Warriors @ New Orleans Pelicans
Jimmy Butler,3PM,0.5,-204,0.6710526315789473,New Orleans Pelicans,Golden State Warriors,Golden State Warriors @ New Orleans Pelicans
Alperen Sengun,AST,6.5,-108,0.5192307692307693,Houston Rockets,Orlando Magic,Orlando Magic @ Houston Rockets
Amen Thompson,AST,5.5,108,0.4807692307692308,Houston Rockets,Orlando Magic,Orlando Magic @ Houston Rockets
Desmond Bane,AST,5.5,116,0.46296296296296297,Houston Rockets,Orlando Magic,Orlando Magic @ Houston Rockets
Franz Wagner,AST,4.5,-133,0.5708154506437768,Houston Rockets,Orlando Magic,Orlando Magic @ Houston Rockets
Kevin Durant,AST,3.5,-129,0.5633187772925764,Houston Rockets,Orlando Magic,Orlando Magic @ Houston Rockets
Anthony Black,AST,2.5,-178,0.6402877697841727,Houston Rockets,Orlando Magic,Orlando Magic @ Houston Rockets
Reed Sheppard,AST,2.5,-172,0.6323529411764706,Houston Rockets,Orlando Magic,Orlando Magic @ Houston Rockets
Wendell Carter Jr,AST,1.5,-140,0.5833333333333334,Houston Rockets,Orlando Magic,Orlando Magic @ Houston Rockets
Tristan da Silva,AST,1.5,-129,0.5633187772925764,Houston Rockets,Orlando Magic,Orlando Magic @ Houston Rockets
Jabari Smith Jr,AST,1.5,106,0.4854368932038835,Houston Rockets,Orlando Magic,Orlando Magic @ Houston Rockets
Josh Okogie,AST,1.5,125,0.4444444444444444,Houston Rockets,Orlando Magic,Orlando Magic @ Houston Rockets
Franz Wagner,PTS,24.5,-121,0.5475113122171946,Houston Rockets,Orlando Magic,Orlando Magic @ Houston Rockets
Kevin Durant,PTS,24.5,-117,0.5391705069124424,Houston Rockets,Orlando Magic,Orlando Magic @ Houston Rockets
Alperen Sengun,PTS,20.5,-126,0.5575221238938053,Houston Rockets,Orlando Magic,Orlando Magic @ Houston Rockets
Desmond Bane,PTS,18.5,-120,0.5454545454545454,Houston Rockets,Orlando Magic,Orlando Magic @ Houston Rockets
Amen Thompson,PTS,18.5,-101,0.5024875621890548,Houston Rockets,Orlando Magic,Orlando Magic @ Houston Rockets
Jabari Smith Jr,PTS,13.5,-112,0.5283018867924528,Houston Rockets,Orlando Magic,Orlando Magic @ Houston Rockets
Tristan da Silva,PTS,12.5,-126,0.5575221238938053,Houston Rockets,Orlando Magic,Orlando Magic @ Houston Rockets
Reed Sheppard,PTS,11.5,-119,0.54337899543379,Houston Rockets,Orlando Magic,Orlando Magic @ Houston Rockets
Wendell Carter Jr,PTS,11.5,-113,0.5305164319248826,Houston Rockets,Orlando Magic,Orlando Magic @ Houston Rockets
Anthony Black,PTS,11.5,-112,0.5283018867924528,Houston Rockets,Orlando Magic,Orlando Magic @ Houston Rockets
Josh Okogie,PTS,8.5,-112,0.5283018867924528,Houston Rockets,Orlando Magic,Orlando Magic @ Houston Rockets
Steven Adams,PTS,5.5,-103,0.5073891625615764,Houston Rockets,Orlando Magic,Orlando Magic @ Houston Rockets
Alperen Sengun,REB,9.5,-126,0.5575221238938053,Houston Rockets,Orlando Magic,Orlando Magic @ Houston Rockets
Steven Adams,REB,7.5,102,0.49504950495049505,Houston Rockets,Orlando Magic,Orlando Magic @ Houston Rockets
Wendell Carter Jr,REB,6.5,-135,0.574468085106383,Houston Rockets,Orlando Magic,Orlando Magic @ Houston Rockets
Jabari Smith Jr,REB,5.5,-151,0.601593625498008,Houston Rockets,Orlando Magic,Orlando Magic @ Houston Rockets
Amen Thompson,REB,5.5,-131,0.5670995670995671,Houston Rockets,Orlando Magic,Orlando Magic @ Houston Rockets
Franz Wagner,REB,5.5,-123,0.5515695067264574,Houston Rockets,Orlando Magic,Orlando Magic @ Houston Rockets
Tristan da Silva,REB,4.5,-135,0.574468085106383,Houston Rockets,Orlando Magic,Orlando Magic @ Houston Rockets
Kevin Durant,REB,4.5,100,0.5,Houston Rockets,Orlando Magic,Orlando Magic @ Houston Rockets
Desmond Bane,REB,4.5,106,0.4854368932038835,Houston Rockets,Orlando Magic,Orlando Magic @ Houston Rockets
Anthony Black,REB,3.5,106,0.4854368932038835,Houston Rockets,Orlando Magic,Orlando Magic @ Houston Rockets
Josh Okogie,REB,2.5,-166,0.6240601503759399,Houston Rockets,Orlando Magic,Orlando Magic @ Houston Rockets
Reed Sheppard,REB,2.5,114,0.4672897196261682,Houston Rockets,Orlando Magic,Orlando Magic @ Houston Rockets
Amen Thompson,STL,1.5,-120,0.5454545454545454,Houston Rockets,Orlando Magic,Orlando Magic @ Houston Rockets
Alperen Sengun,STL,1.5,162,0.3816793893129771,Houston Rockets,Orlando Magic,Orlando Magic @ Houston Rockets
Franz Wagner,STL,1.5,179,0.35842293906810035,Houston Rockets,Orlando Magic,Orlando Magic @ Houston Rockets
Kevin Durant,STL,0.5,-212,0.6794871794871795,Houston Rockets,Orlando Magic,Orlando Magic @ Houston Rockets
Desmond Bane,STL,0.5,-163,0.6197718631178707,Houston Rockets,Orlando Magic,Orlando Magic @ Houston Rockets
Reed Sheppard,3PM,2.5,114,0.4672897196261682,Houston Rockets,Orlando Magic,Orlando Magic @ Houston Rockets
Tristan da Silva,3PM,2.5,122,0.45045045045045046,Houston Rockets,Orlando Magic,Orlando Magic @ Houston Rockets
Jabari Smith Jr,3PM,1.5,-161,0.6168582375478927,Houston Rockets,Orlando Magic,Orlando Magic @ Houston Rockets
Franz Wagner,3PM,1.5,-153,0.6047430830039525,Houston Rockets,Orlando Magic,Orlando Magic @ Houston Rockets
Kevin Durant,3PM,1.5,-151,0.601593625498008,Houston Rockets,Orlando Magic,Orlando Magic @ Houston Rockets
Anthony Black,3PM,1.5,127,0.44052863436123346,Houston Rockets,Orlando Magic,Orlando Magic @ Houston Rockets
Alperen Sengun,3PM,0.5,-243,0.7084548104956269,Houston Rockets,Orlando Magic,Orlando Magic @ Houston Rockets
Jrue Holiday,AST,7.5,110,0.47619047619047616,Dallas Mavericks,Portland Trail Blazers,Portland Trail Blazers @ Dallas Mavericks
Deni Avdija,AST,5.5,-116,0.5370370370370371,Dallas Mavericks,Portland Trail Blazers,Portland Trail Blazers @ Dallas Mavericks
Brandon Williams,AST,4.5,-103,0.5073891625615764,Dallas Mavericks,Portland Trail Blazers,Portland Trail Blazers @ Dallas Mavericks
D'Angelo Russell,AST,4.5,125,0.4444444444444444,Dallas Mavericks,Portland Trail Blazers,Portland Trail Blazers @ Dallas Mavericks
Cooper Flagg,AST,3.5,116,0.46296296296296297,Dallas Mavericks,Portland Trail Blazers,Portland Trail Blazers @ Dallas Mavericks
Toumani Camara,AST,2.5,-172,0.6323529411764706,Dallas Mavericks,Portland Trail Blazers,Portland Trail Blazers @ Dallas Mavericks
Naji Marshall,AST,2.5,-116,0.5370370370370371,Dallas Mavericks,Portland Trail Blazers,Portland Trail Blazers @ Dallas Mavericks
Jerami Grant,AST,2.5,-114,0.5327102803738317,Dallas Mavericks,Portland Trail Blazers,Portland Trail Blazers @ Dallas Mavericks
Shaedon Sharpe,AST,2.5,112,0.4716981132075472,Dallas Mavericks,Portland Trail Blazers,Portland Trail Blazers @ Dallas Mavericks
P.J. Washington,AST,2.5,135,0.425531914893617,Dallas Mavericks,Portland Trail Blazers,Portland Trail Blazers @ Dallas Mavericks
Daniel Gafford,AST,1.5,143,0.411522633744856,Dallas Mavericks,Portland Trail Blazers,Portland Trail Blazers @ Dallas Mavericks
Deni Avdija,PTS,25.5,-113,0.5305164319248826,Dallas Mavericks,Portland Trail Blazers,Portland Trail Blazers @ Dallas Mavericks
Shaedon Sharpe,PTS,22.5,-116,0.5370370370370371,Dallas Mavericks,Portland Trail Blazers,Portland Trail Blazers @ Dallas Mavericks
Cooper Flagg,PTS,16.5,-123,0.5515695067264574,Dallas Mavericks,Portland Trail Blazers,Portland Trail Blazers @ Dallas Mavericks
Jerami Grant,PTS,16.5,-117,0.5391705069124424,Dallas Mavericks,Portland Trail Blazers,Portland Trail Blazers @ Dallas Mavericks
Jrue Holiday,PTS,15.5,-117,0.5391705069124424,Dallas Mavericks,Portland Trail Blazers,Portland Trail Blazers @ Dallas Mavericks
P.J. Washington,PTS,15.5,-101,0.5024875621890548,Dallas Mavericks,Portland Trail Blazers,Portland Trail Blazers @ Dallas Mavericks
Brandon Williams,PTS,13.5,-128,0.5614035087719298,Dallas Mavericks,Portland Trail Blazers,Portland Trail Blazers @ Dallas Mavericks
Toumani Camara,PTS,13.5,-113,0.5305164319248826,Dallas Mavericks,Portland Trail Blazers,Portland Trail Blazers @ Dallas Mavericks
D'Angelo Russell,PTS,13.5,-106,0.5145631067961165,Dallas Mavericks,Portland Trail Blazers,Portland Trail Blazers @ Dallas Mavericks
Max Christie,PTS,11.5,-109,0.5215311004784688,Dallas Mavericks,Portland Trail Blazers,Portland Trail Blazers @ Dallas Mavericks
Naji Marshall,PTS,11.5,-106,0.5145631067961165,Dallas Mavericks,Portland Trail Blazers,Portland Trail Blazers @ Dallas Mavericks
Daniel Gafford,PTS,10.5,-117,0.5391705069124424,Dallas Mavericks,Portland Trail Blazers,Portland Trail Blazers @ Dallas Mavericks
Klay Thompson,PTS,9.5,-121,0.5475113122171946,Dallas Mavericks,Portland Trail Blazers,Portland Trail Blazers @ Dallas Mavericks
Donovan Clingan,PTS,8.5,-113,0.5305164319248826,Dallas Mavericks,Portland Trail Blazers,Portland Trail Blazers @ Dallas Mavericks
Dereck Lively II,PTS,5.5,-129,0.5633187772925764,Dallas Mavericks,Portland Trail Blazers,Portland Trail Blazers @ Dallas Mavericks
Deni Avdija,REB,7.5,-114,0.5327102803738317,Dallas Mavericks,Portland Trail Blazers,Portland Trail Blazers @ Dallas Mavericks
Daniel Gafford,REB,6.5,-133,0.5708154506437768,Dallas Mavericks,Portland Trail Blazers,Portland Trail Blazers @ Dallas Mavericks
P.J. Washington,REB,6.5,-126,0.5575221238938053,Dallas Mavericks,Portland Trail Blazers,Portland Trail Blazers @ Dallas Mavericks
Cooper Flagg,REB,6.5,104,0.49019607843137253,Dallas Mavericks,Portland Trail Blazers,Portland Trail Blazers @ Dallas Mavericks
Dereck Lively II,REB,5.5,-120,0.5454545454545454,Dallas Mavericks,Portland Trail Blazers,Portland Trail Blazers @ Dallas Mavericks
Shaedon Sharpe,REB,5.5,-101,0.5024875621890548,Dallas Mavericks,Portland Trail Blazers,Portland Trail Blazers @ Dallas Mavericks
Toumani Camara,REB,4.5,-151,0.601593625498008,Dallas Mavericks,Portland Trail Blazers,Portland Trail Blazers @ Dallas Mavericks
Jrue Holiday,REB,4.5,-140,0.5833333333333334,Dallas Mavericks,Portland Trail Blazers,Portland Trail Blazers @ Dallas Mavericks
Naji Marshall,REB,4.5,-131,0.5670995670995671,Dallas Mavericks,Portland Trail Blazers,Portland Trail Blazers @ Dallas Mavericks
Max Christie,REB,3.5,-113,0.5305164319248826,Dallas Mavericks,Portland Trail Blazers,Portland Trail Blazers @ Dallas Mavericks
Jerami Grant,REB,3.5,122,0.45045045045045046,Dallas Mavericks,Portland Trail Blazers,Portland Trail Blazers @ Dallas Mavericks
Brandon Williams,REB,2.5,-135,0.574468085106383,Dallas Mavericks,Portland Trail Blazers,Portland Trail Blazers @ Dallas Mavericks
D'Angelo Russell,REB,2.5,110,0.47619047619047616,Dallas Mavericks,Portland Trail Blazers,Portland Trail Blazers @ Dallas Mavericks
Klay Thompson,REB,2.5,116,0.46296296296296297,Dallas Mavericks,Portland Trail Blazers,Portland Trail Blazers @ Dallas Mavericks
Cooper Flagg,STL,1.5,104,0.49019607843137253,Dallas Mavericks,Portland Trail Blazers,Portland Trail Blazers @ Dallas Mavericks
Toumani Camara,STL,1.5,129,0.4366812227074236,Dallas Mavericks,Portland Trail Blazers,Portland Trail Blazers @ Dallas Mavericks
Jrue Holiday,STL,1.5,129,0.4366812227074236,Dallas Mavericks,Portland Trail Blazers,Portland Trail Blazers @ Dallas Mavericks
Jerami Grant,STL,0.5,-232,0.6987951807228916,Dallas Mavericks,Portland Trail Blazers,Portland Trail Blazers @ Dallas Mavericks
Deni Avdija,STL,0.5,-232,0.6987951807228916,Dallas Mavericks,Portland Trail Blazers,Portland Trail Blazers @ Dallas Mavericks
P.J. Washington,STL,0.5,-227,0.6941896024464832,Dallas Mavericks,Portland Trail Blazers,Portland Trail Blazers @ Dallas Mavericks
Klay Thompson,3PM,2.5,-129,0.5633187772925764,Dallas Mavericks,Portland Trail Blazers,Portland Trail Blazers @ Dallas Mavericks
Shaedon Sharpe,3PM,2.5,119,0.45662100456621,Dallas Mavericks,Portland Trail Blazers,Portland Trail Blazers @ Dallas Mavericks
Deni Avdija,3PM,2.5,121,0.45248868778280543,Dallas Mavericks,Portland Trail Blazers,Portland Trail Blazers @ Dallas Mavericks
Jrue Holiday,3PM,2.5,129,0.4366812227074236,Dallas Mavericks,Portland Trail Blazers,Portland Trail Blazers @ Dallas Mavericks
Toumani Camara,3PM,2.5,139,0.41841004184100417,Dallas Mavericks,Portland Trail Blazers,Portland Trail Blazers @ Dallas Mavericks
Max Christie,3PM,1.5,-196,0.6621621621621622,Dallas Mavericks,Portland Trail Blazers,Portland Trail Blazers @ Dallas Mavericks
Jerami Grant,3PM,1.5,-151,0.601593625498008,Dallas Mavericks,Portland Trail Blazers,Portland Trail Blazers @ Dallas Mavericks
D'Angelo Russell,3PM,1.5,-147,0.5951417004048583,Dallas Mavericks,Portland Trail Blazers,Portland Trail Blazers @ Dallas Mavericks
Cooper Flagg,3PM,1.5,-101,0.5024875621890548,Dallas Mavericks,Portland Trail Blazers,Portland Trail Blazers @ Dallas Mavericks
P.J. Washington,3PM,1.5,108,0.4807692307692308,Dallas Mavericks,Portland Trail Blazers,Portland Trail Blazers @ Dallas Mavericks
Devin Booker,AST,6.5,-140,0.5833333333333334,Phoenix Suns,Atlanta Hawks,Atlanta Hawks @ Phoenix Suns
Jalen Johnson,AST,6.5,-131,0.5670995670995671,Phoenix Suns,Atlanta Hawks,Atlanta Hawks @ Phoenix Suns
Dyson Daniels,AST,5.5,106,0.4854368932038835,Phoenix Suns,Atlanta Hawks,Atlanta Hawks @ Phoenix Suns
Collin Gillespie,AST,4.5,-138,0.5798319327731093,Phoenix Suns,Atlanta Hawks,Atlanta Hawks @ Phoenix Suns
Nickeil Alexander-Walker,AST,3.5,-105,0.5121951219512195,Phoenix Suns,Atlanta Hawks,Atlanta Hawks @ Phoenix Suns
Royce O'Neale,AST,3.5,127,0.44052863436123346,Phoenix Suns,Atlanta Hawks,Atlanta Hawks @ Phoenix Suns
Kristaps Porzingis,AST,2.5,-149,0.5983935742971888,Phoenix Suns,Atlanta Hawks,Atlanta Hawks @ Phoenix Suns
Luke Kennard,AST,2.5,122,0.45045045045045046,Phoenix Suns,Atlanta Hawks,Atlanta Hawks @ Phoenix Suns
Onyeka Okongwu,AST,2.5,146,0.4065040650406504,Phoenix Suns,Atlanta Hawks,Atlanta Hawks @ Phoenix Suns
Dillon Brooks,AST,1.5,-196,0.6621621621621622,Phoenix Suns,Atlanta Hawks,Atlanta Hawks @ Phoenix Suns
Devin Booker,PTS,28.5,-114,0.5327102803738317,Phoenix Suns,Atlanta Hawks,Atlanta Hawks @ Phoenix Suns
Jalen Johnson,PTS,21.5,-105,0.5121951219512195,Phoenix Suns,Atlanta Hawks,Atlanta Hawks @ Phoenix Suns
Dillon Brooks,PTS,17.5,-101,0.5024875621890548,Phoenix Suns,Atlanta Hawks,Atlanta Hawks @ Phoenix Suns
Kristaps Porzingis,PTS,16.5,-121,0.5475113122171946,Phoenix Suns,Atlanta Hawks,Atlanta Hawks @ Phoenix Suns
Nickeil Alexander-Walker,PTS,16.5,-107,0.5169082125603864,Phoenix Suns,Atlanta Hawks,Atlanta Hawks @ Phoenix Suns
Mark Williams,PTS,12.5,-128,0.5614035087719298,Phoenix Suns,Atlanta Hawks,Atlanta Hawks @ Phoenix Suns
Onyeka Okongwu,PTS,12.5,-113,0.5305164319248826,Phoenix Suns,Atlanta Hawks,Atlanta Hawks @ Phoenix Suns
Dyson Daniels,PTS,11.5,-120,0.5454545454545454,Phoenix Suns,Atlanta Hawks,Atlanta Hawks @ Phoenix Suns
Collin Gillespie,PTS,11.5,-107,0.5169082125603864,Phoenix Suns,Atlanta Hawks,Atlanta Hawks @ Phoenix Suns
Royce O'Neale,PTS,10.5,-125,0.5555555555555556,Phoenix Suns,Atlanta Hawks,Atlanta Hawks @ Phoenix Suns
Ryan Dunn,PTS,8.5,-128,0.5614035087719298,Phoenix Suns,Atlanta Hawks,Atlanta Hawks @ Phoenix Suns
Luke Kennard,PTS,7.5,-125,0.5555555555555556,Phoenix Suns,Atlanta Hawks,Atlanta Hawks @ Phoenix Suns
Jalen Johnson,REB,9.5,-107,0.5169082125603864,Phoenix Suns,Atlanta Hawks,Atlanta Hawks @ Phoenix Suns
Onyeka Okongwu,REB,7.5,112,0.4716981132075472,Phoenix Suns,Atlanta Hawks,Atlanta Hawks @ Phoenix Suns
Dyson Daniels,REB,5.5,-131,0.5670995670995671,Phoenix Suns,Atlanta Hawks,Atlanta Hawks @ Phoenix Suns
Kristaps Porzingis,REB,5.5,-114,0.5327102803738317,Phoenix Suns,Atlanta Hawks,Atlanta Hawks @ Phoenix Suns
Ryan Dunn,REB,5.5,106,0.4854368932038835,Phoenix Suns,Atlanta Hawks,Atlanta Hawks @ Phoenix Suns
Royce O'Neale,REB,4.5,-151,0.601593625498008,Phoenix Suns,Atlanta Hawks,Atlanta Hawks @ Phoenix Suns
Devin Booker,REB,4.5,121,0.45248868778280543,Phoenix Suns,Atlanta Hawks,Atlanta Hawks @ Phoenix Suns
Collin Gillespie,REB,4.5,125,0.4444444444444444,Phoenix Suns,Atlanta Hawks,Atlanta Hawks @ Phoenix Suns
Dillon Brooks,REB,3.5,127,0.44052863436123346,Phoenix Suns,Atlanta Hawks,Atlanta Hawks @ Phoenix Suns
Nickeil Alexander-Walker,REB,3.5,127,0.44052863436123346,Phoenix Suns,Atlanta Hawks,Atlanta Hawks @ Phoenix Suns
Zaccharie Risacher,REB,2.5,-172,0.6323529411764706,Phoenix Suns,Atlanta Hawks,Atlanta Hawks @ Phoenix Suns
Dyson Daniels,STL,2.5,116,0.46296296296296297,Phoenix Suns,Atlanta Hawks,Atlanta Hawks @ Phoenix Suns
Jalen Johnson,STL,1.5,108,0.4807692307692308,Phoenix Suns,Atlanta Hawks,Atlanta Hawks @ Phoenix Suns
Ryan Dunn,STL,1.5,122,0.45045045045045046,Phoenix Suns,Atlanta Hawks,Atlanta Hawks @ Phoenix Suns
Dillon Brooks,STL,0.5,-212,0.6794871794871795,Phoenix Suns,Atlanta Hawks,Atlanta Hawks @ Phoenix Suns
Devin Booker,STL,0.5,-166,0.6240601503759399,Phoenix Suns,Atlanta Hawks,Atlanta Hawks @ Phoenix Suns
Kristaps Porzingis,STL,0.5,-131,0.5670995670995671,Phoenix Suns,Atlanta Hawks,Atlanta Hawks @ Phoenix Suns
Royce O'Neale,3PM,2.5,-128,0.5614035087719298,Phoenix Suns,Atlanta Hawks,Atlanta Hawks @ Phoenix Suns
Dillon Brooks,3PM,2.5,-112,0.5283018867924528,Phoenix Suns,Atlanta Hawks,Atlanta Hawks @ Phoenix Suns
Collin Gillespie,3PM,2.5,104,0.49019607843137253,Phoenix Suns,Atlanta Hawks,Atlanta Hawks @ Phoenix Suns
Devin Booker,3PM,1.5,-188,0.6527777777777778,Phoenix Suns,Atlanta Hawks,Atlanta Hawks @ Phoenix Suns
Nickeil Alexander-Walker,3PM,1.5,-178,0.6402877697841727,Phoenix Suns,Atlanta Hawks,Atlanta Hawks @ Phoenix Suns
Zaccharie Risacher,3PM,1.5,-149,0.5983935742971888,Phoenix Suns,Atlanta Hawks,Atlanta Hawks @ Phoenix Suns
Kristaps Porzingis,3PM,1.5,-106,0.5145631067961165,Phoenix Suns,Atlanta Hawks,Atlanta Hawks @ Phoenix Suns
Luke Kennard,3PM,1.5,-104,0.5098039215686274,Phoenix Suns,Atlanta Hawks,Atlanta Hawks @ Phoenix Suns
Ryan Dunn,3PM,1.5,129,0.4366812227074236,Phoenix Suns,Atlanta Hawks,Atlanta Hawks @ Phoenix Suns
Jalen Johnson,3PM,1.5,163,0.38022813688212925,Phoenix Suns,Atlanta Hawks,Atlanta Hawks @ Phoenix Suns
Onyeka Okongwu,3PM,0.5,-238,0.7041420118343196,Phoenix Suns,Atlanta Hawks,Atlanta Hawks @ Phoenix Suns
Dyson Daniels,3PM,0.5,145,0.40816326530612246,Phoenix Suns,Atlanta Hawks,Atlanta Hawks @ Phoenix Suns
Josh Giddey,AST,8.5,-133,0.5708154506437768,Utah Jazz,Chicago Bulls,Chicago Bulls @ Utah Jazz
Keyonte George,AST,6.5,-101,0.5024875621890548,Utah Jazz,Chicago Bulls,Chicago Bulls @ Utah Jazz
Isaiah Collier,AST,6.5,108,0.4807692307692308,Utah Jazz,Chicago Bulls,Chicago Bulls @ Utah Jazz
Tre Jones,AST,4.5,-147,0.5951417004048583,Utah Jazz,Chicago Bulls,Chicago Bulls @ Utah Jazz
Jusuf Nurkic,AST,3.5,-128,0.5614035087719298,Utah Jazz,Chicago Bulls,Chicago Bulls @ Utah Jazz
Nikola Vucevic,AST,3.5,102,0.49504950495049505,Utah Jazz,Chicago Bulls,Chicago Bulls @ Utah Jazz
Ayo Dosunmu,AST,2.5,-169,0.6282527881040892,Utah Jazz,Chicago Bulls,Chicago Bulls @ Utah Jazz
Kevin Huerter,AST,2.5,-114,0.5327102803738317,Utah Jazz,Chicago Bulls,Chicago Bulls @ Utah Jazz
Lauri Markkanen,AST,1.5,-147,0.5951417004048583,Utah Jazz,Chicago Bulls,Chicago Bulls @ Utah Jazz
Lauri Markkanen,PTS,27.5,-106,0.5145631067961165,Utah Jazz,Chicago Bulls,Chicago Bulls @ Utah Jazz
Josh Giddey,PTS,20.5,-108,0.5192307692307693,Utah Jazz,Chicago Bulls,Chicago Bulls @ Utah Jazz
Keyonte George,PTS,20.5,-108,0.5192307692307693,Utah Jazz,Chicago Bulls,Chicago Bulls @ Utah Jazz
Nikola Vucevic,PTS,18.5,-101,0.5024875621890548,Utah Jazz,Chicago Bulls,Chicago Bulls @ Utah Jazz
Matas Buzelis,PTS,14.5,-102,0.504950495049505,Utah Jazz,Chicago Bulls,Chicago Bulls @ Utah Jazz
Ace Bailey,PTS,13.5,-104,0.5098039215686274,Utah Jazz,Chicago Bulls,Chicago Bulls @ Utah Jazz
Ayo Dosunmu,PTS,12.5,-104,0.5098039215686274,Utah Jazz,Chicago Bulls,Chicago Bulls @ Utah Jazz
Kevin Huerter,PTS,11.5,-119,0.54337899543379,Utah Jazz,Chicago Bulls,Chicago Bulls @ Utah Jazz
Jusuf Nurkic,PTS,10.5,-125,0.5555555555555556,Utah Jazz,Chicago Bulls,Chicago Bulls @ Utah Jazz
Tre Jones,PTS,10.5,-123,0.5515695067264574,Utah Jazz,Chicago Bulls,Chicago Bulls @ Utah Jazz
Jalen Smith,PTS,9.5,-113,0.5305164319248826,Utah Jazz,Chicago Bulls,Chicago Bulls @ Utah Jazz
Svi Mykhailiuk,PTS,9.5,102,0.49504950495049505,Utah Jazz,Chicago Bulls,Chicago Bulls @ Utah Jazz
Isaiah Collier,PTS,8.5,-129,0.5633187772925764,Utah Jazz,Chicago Bulls,Chicago Bulls @ Utah Jazz
Kyle Filipowski,PTS,8.5,-123,0.5515695067264574,Utah Jazz,Chicago Bulls,Chicago Bulls @ Utah Jazz
Brice Sensabaugh,PTS,7.5,-128,0.5614035087719298,Utah Jazz,Chicago Bulls,Chicago Bulls @ Utah Jazz
Isaac Okoro,PTS,7.5,102,0.49504950495049505,Utah Jazz,Chicago Bulls,Chicago Bulls @ Utah Jazz
Jusuf Nurkic,REB,10.5,-117,0.5391705069124424,Utah Jazz,Chicago Bulls,Chicago Bulls @ Utah Jazz
Nikola Vucevic,REB,9.5,-120,0.5454545454545454,Utah Jazz,Chicago Bulls,Chicago Bulls @ Utah Jazz
Josh Giddey,REB,8.5,-120,0.5454545454545454,Utah Jazz,Chicago Bulls,Chicago Bulls @ Utah Jazz
Lauri Markkanen,REB,6.5,112,0.4716981132075472,Utah Jazz,Chicago Bulls,Chicago Bulls @ Utah Jazz
Kyle Filipowski,REB,5.5,-128,0.5614035087719298,Utah Jazz,Chicago Bulls,Chicago Bulls @ Utah Jazz
Jalen Smith,REB,5.5,-104,0.5098039215686274,Utah Jazz,Chicago Bulls,Chicago Bulls @ Utah Jazz
Ace Bailey,REB,4.5,-151,0.601593625498008,Utah Jazz,Chicago Bulls,Chicago Bulls @ Utah Jazz
Matas Buzelis,REB,4.5,-140,0.5833333333333334,Utah Jazz,Chicago Bulls,Chicago Bulls @ Utah Jazz
Keyonte George,REB,3.5,-126,0.5575221238938053,Utah Jazz,Chicago Bulls,Chicago Bulls @ Utah Jazz
Kevin Huerter,REB,3.5,112,0.4716981132075472,Utah Jazz,Chicago Bulls,Chicago Bulls @ Utah Jazz
Isaiah Collier,REB,3.5,114,0.4672897196261682,Utah Jazz,Chicago Bulls,Chicago Bulls @ Utah Jazz
Tre Jones,REB,3.5,127,0.44052863436123346,Utah Jazz,Chicago Bulls,Chicago Bulls @ Utah Jazz
Brice Sensabaugh,REB,2.5,-114,0.5327102803738317,Utah Jazz,Chicago Bulls,Chicago Bulls @ Utah Jazz
Ayo Dosunmu,REB,2.5,-111,0.5260663507109005,Utah Jazz,Chicago Bulls,Chicago Bulls @ Utah Jazz
Svi Mykhailiuk,REB,2.5,-106,0.5145631067961165,Utah Jazz,Chicago Bulls,Chicago Bulls @ Utah Jazz
Isaac Okoro,REB,2.5,106,0.4854368932038835,Utah Jazz,Chicago Bulls,Chicago Bulls @ Utah Jazz
Josh Giddey,STL,1.5,173,0.3663003663003663,Utah Jazz,Chicago Bulls,Chicago Bulls @ Utah Jazz
Ace Bailey,STL,0.5,-188,0.6527777777777778,Utah Jazz,Chicago Bulls,Chicago Bulls @ Utah Jazz
Keyonte George,STL,0.5,-175,0.6363636363636364,Utah Jazz,Chicago Bulls,Chicago Bulls @ Utah Jazz
Nikola Vucevic,STL,0.5,-166,0.6240601503759399,Utah Jazz,Chicago Bulls,Chicago Bulls @ Utah Jazz
Lauri Markkanen,STL,0.5,-163,0.6197718631178707,Utah Jazz,Chicago Bulls,Chicago Bulls @ Utah Jazz
Matas Buzelis,STL,0.5,-136,0.576271186440678,Utah Jazz,Chicago Bulls,Chicago Bulls @ Utah Jazz
Lauri Markkanen,3PM,3.5,131,0.4329004329004329,Utah Jazz,Chicago Bulls,Chicago Bulls @ Utah Jazz
Keyonte George,3PM,2.5,145,0.40816326530612246,Utah Jazz,Chicago Bulls,Chicago Bulls @ Utah Jazz
Kevin Huerter,3PM,1.5,-151,0.601593625498008,Utah Jazz,Chicago Bulls,Chicago Bulls @ Utah Jazz
Josh Giddey,3PM,1.5,-131,0.5670995670995671,Utah Jazz,Chicago Bulls,Chicago Bulls @ Utah Jazz
Nikola Vucevic,3PM,1.5,-131,0.5670995670995671,Utah Jazz,Chicago Bulls,Chicago Bulls @ Utah Jazz
Svi Mykhailiuk,3PM,1.5,-131,0.5670995670995671,Utah Jazz,Chicago Bulls,Chicago Bulls @ Utah Jazz
Matas Buzelis,3PM,1.5,-128,0.5614035087719298,Utah Jazz,Chicago Bulls,Chicago Bulls @ Utah Jazz
Ayo Dosunmu,3PM,1.5,114,0.4672897196261682,Utah Jazz,Chicago Bulls,Chicago Bulls @ Utah Jazz
Brice Sensabaugh,3PM,1.5,134,0.42735042735042733,Utah Jazz,Chicago Bulls,Chicago Bulls @ Utah Jazz
Ace Bailey,3PM,1.5,138,0.42016806722689076,Utah Jazz,Chicago Bulls,Chicago Bulls @ Utah Jazz
Jalen Smith,3PM,1.5,148,0.4032258064516129,Utah Jazz,Chicago Bulls,Chicago Bulls @ Utah Jazz
Isaac Okoro,3PM,1.5,161,0.3831417624521073,Utah Jazz,Chicago Bulls,Chicago Bulls @ Utah Jazz
Kyle Filipowski,3PM,0.5,-172,0.6323529411764706,Utah Jazz,Chicago Bulls,Chicago Bulls @ Utah Jazz
